nro,data,nome,versione,categoria,descrizione
1,2013-09-08,Dufourt,QGIS_2.0.0,User Interface,New icon theme
2,2013-09-08,Dufourt,QGIS_2.0.0,User Interface,"Side tabs, collapsable groups"
3,2013-09-08,Dufourt,QGIS_2.0.0,User Interface,Soft notifications
4,2013-09-08,Dufourt,QGIS_2.0.0,User Interface,Application custom font and Qt stylesheet
5,2013-09-08,Dufourt,QGIS_2.0.0,User Interface,Live color chooser dialogs and buttons
6,2013-09-08,Dufourt,QGIS_2.0.0,User Interface,SVG Annotations
7,2013-09-08,Dufourt,QGIS_2.0.0,User Interface,Drag and drop form builder
8,2013-09-08,Dufourt,QGIS_2.0.0,User Interface,Default action tool
9,2013-09-08,Dufourt,QGIS_2.0.0,Symbology,Data defined properties
10,2013-09-08,Dufourt,QGIS_2.0.0,Symbology,Improved symbol layer management
11,2013-09-08,Dufourt,QGIS_2.0.0,Symbology,Support for transparency in colour definitions
12,2013-09-08,Dufourt,QGIS_2.0.0,Symbology,Color Control for Raster Layers
13,2013-09-08,Dufourt,QGIS_2.0.0,Symbology,Copy symbology between layers
14,2013-09-08,Dufourt,QGIS_2.0.0,Symbology,Save styles in your database
15,2013-09-08,Dufourt,QGIS_2.0.0,Symbology,Colour ramp support
16,2013-09-08,Dufourt,QGIS_2.0.0,Symbology,Set custom default styles for all layer types
17,2013-09-08,Dufourt,QGIS_2.0.0,Labelling,New labelling system
18,2013-09-08,Dufourt,QGIS_2.0.0,Labelling,Expression based label properties
19,2013-09-08,Dufourt,QGIS_2.0.0,Labelling,Older labelling engine deprecated
20,2013-09-08,Dufourt,QGIS_2.0.0,Layer Legend,Legend visual feedback and options
21,2013-09-08,Dufourt,QGIS_2.0.0,Layer Legend,Duplicate existing map layer
22,2013-09-08,Dufourt,QGIS_2.0.0,Layer Legend,Multi-layer toggle editing commands
23,2013-09-08,Dufourt,QGIS_2.0.0,Map Composer,HTML Map Items
24,2013-09-08,Dufourt,QGIS_2.0.0,Map Composer,Multipage support
25,2013-09-08,Dufourt,QGIS_2.0.0,Map Composer,Expressions in composer labels
26,2013-09-08,Dufourt,QGIS_2.0.0,Map Composer,Auto snap lines
27,2013-09-08,Dufourt,QGIS_2.0.0,Map Composer,Manual Snap Lines
28,2013-09-08,Dufourt,QGIS_2.0.0,Map Composer,Map series generation
29,2013-09-08,Dufourt,QGIS_2.0.0,Map Composer,Automatic overview support in map frame
30,2013-09-08,Dufourt,QGIS_2.0.0,Map Composer,Layer blending
31,2013-09-08,Dufourt,QGIS_2.0.0,Map Composer,HTML Label support
32,2013-09-08,Dufourt,QGIS_2.0.0,Map Composer,Multicolumn composer legend
33,2013-09-08,Dufourt,QGIS_2.0.0,Map Composer,Updates to map composer management
34,2013-09-08,Dufourt,QGIS_2.0.0,Analysis Tools,Processing Modeller
35,2013-09-08,Dufourt,QGIS_2.0.0,Analysis Tools,Processing Commander
36,2013-09-08,Dufourt,QGIS_2.0.0,Analysis Tools,Heatmap Plugin Improvements
37,2013-09-08,Dufourt,QGIS_2.0.0,Analysis Tools,Processing Support
38,2013-09-08,Dufourt,QGIS_2.0.0,Application and Project Options,Define default startup project and project templates
39,2013-09-08,Dufourt,QGIS_2.0.0,Application and Project Options,System environment variables
40,2013-09-08,Dufourt,QGIS_2.0.0,Application and Project Options,User-defined zoom scales
41,2013-09-08,Dufourt,QGIS_2.0.0,Browser,Improvements to in-app browser panel
42,2013-09-08,Dufourt,QGIS_2.0.0,General,Quantum GIS is now known only as &#39;QGIS&#39;
43,2013-09-08,Dufourt,QGIS_2.0.0,Data Providers,WMS identify format
44,2013-09-08,Dufourt,QGIS_2.0.0,Data Providers,Raster Data Provider overhaul
45,2013-09-08,Dufourt,QGIS_2.0.0,Data Providers,Oracle Spatial support
46,2013-09-08,Dufourt,QGIS_2.0.0,Data Providers,Web Coverage Service provider added
47,2013-09-08,Dufourt,QGIS_2.0.0,Data Providers,Raster 2% cumulative cut by default
48,2013-09-08,Dufourt,QGIS_2.0.0,Data Providers,WMTS Support
49,2013-09-08,Dufourt,QGIS_2.0.0,Plugins,Revamped plugin manager
50,2013-09-08,Dufourt,QGIS_2.0.0,Programmability,New Python Console
51,2013-09-08,Dufourt,QGIS_2.0.0,Programmability,Even more expression functions
52,2013-09-08,Dufourt,QGIS_2.0.0,Programmability,Custom expression functions
53,2013-09-08,Dufourt,QGIS_2.0.0,Programmability,New cleaner Python API
54,2013-09-08,Dufourt,QGIS_2.0.0,Programmability,Code compatibility with version 1.x releases
55,2013-09-08,Dufourt,QGIS_2.0.0,Programmability,Python project macros
56,2014-02-22,Valmiera,QGIS_2.2.0,User Interface,Improved properties dialogs
57,2014-02-22,Valmiera,QGIS_2.2.0,User Interface,Expression dialog improvements
58,2014-02-22,Valmiera,QGIS_2.2.0,User Interface,New keybindings
59,2014-02-22,Valmiera,QGIS_2.2.0,Symbology,Gradient fill support
60,2014-02-22,Valmiera,QGIS_2.2.0,Symbology,Label support for palleted rasters
61,2014-02-22,Valmiera,QGIS_2.2.0,Symbology,Colour ramps can be inverted
62,2014-02-22,Valmiera,QGIS_2.2.0,Symbology,Copy and Paste in Rule based renderer
63,2014-02-22,Valmiera,QGIS_2.2.0,Symbology,On the fly feature generalisation
64,2014-02-22,Valmiera,QGIS_2.2.0,Symbology,Anchor points can be set for marker layers
65,2014-02-22,Valmiera,QGIS_2.2.0,Symbology,Thematic maps based on expressions
66,2014-02-22,Valmiera,QGIS_2.2.0,Symbology,Expression support in symbol diagrams for size and attributes
67,2014-02-22,Valmiera,QGIS_2.2.0,Symbology,Else rule in rule based renderer
68,2014-02-22,Valmiera,QGIS_2.2.0,Symbology,Inner stroke support for polygons
69,2014-02-22,Valmiera,QGIS_2.2.0,Digitising,Fill ring digitizing tool
70,2014-02-22,Valmiera,QGIS_2.2.0,Map Composer,Zebra map border improvements
71,2014-02-22,Valmiera,QGIS_2.2.0,Map Composer,Element rotation support
72,2014-02-22,Valmiera,QGIS_2.2.0,Map Composer,Composer scale added and ruler improvements
73,2014-02-22,Valmiera,QGIS_2.2.0,Map Composer,World file generation
74,2014-02-22,Valmiera,QGIS_2.2.0,Map Composer,Working with multiple items
75,2014-02-22,Valmiera,QGIS_2.2.0,Map Composer,Atlas enhancements
76,2014-02-22,Valmiera,QGIS_2.2.0,Map Composer,Improved item selection
77,2014-02-22,Valmiera,QGIS_2.2.0,Map Composer,Better navigation of compositions
78,2014-02-22,Valmiera,QGIS_2.2.0,Map Composer,Improved styling of pages and shapes
79,2014-02-22,Valmiera,QGIS_2.2.0,Application and Project Options,Support for measurement in Nautical Miles
80,2014-02-22,Valmiera,QGIS_2.2.0,General,Recent expressions saved
81,2014-02-22,Valmiera,QGIS_2.2.0,General,Paste WKT from clipboard
82,2014-02-22,Valmiera,QGIS_2.2.0,Data Providers,One to many relations support
83,2014-02-22,Valmiera,QGIS_2.2.0,Data Providers,DXF Export tool
84,2014-02-22,Valmiera,QGIS_2.2.0,Data Providers,Paste as new vector layer
85,2014-02-22,Valmiera,QGIS_2.2.0,Data Providers,WMS legend graphic in table of contents and composer
86,2014-02-22,Valmiera,QGIS_2.2.0,QGIS Server,WCS Support added to QGIS Server
87,2014-06-27,Chugiack,QGIS_2.4.0,Symbology,Shapeburst fill style
88,2014-06-27,Chugiack,QGIS_2.4.0,Symbology,Option to shift marker line placement
89,2014-06-27,Chugiack,QGIS_2.4.0,Symbology,New Inverted Polygon renderer
90,2014-06-27,Chugiack,QGIS_2.4.0,Symbology,Saving and recovering styles with Spatialite layers
91,2014-06-27,Chugiack,QGIS_2.4.0,Labelling,Label features multiple times
92,2014-06-27,Chugiack,QGIS_2.4.0,Map Composer,Improvements to composer picture items
93,2014-06-27,Chugiack,QGIS_2.4.0,Map Composer,Predefined scales mode for atlas maps
94,2014-06-27,Chugiack,QGIS_2.4.0,Map Composer,Improved attribute tables in composer
95,2014-06-27,Chugiack,QGIS_2.4.0,Map Composer,General composer improvements
96,2014-06-27,Chugiack,QGIS_2.4.0,Map Composer,Improvements to HTML frames
97,2014-06-27,Chugiack,QGIS_2.4.0,General,Generate band name with NetCDF EXTRA_DIM
98,2014-06-27,Chugiack,QGIS_2.4.0,General,Applying scale and offset to raster data
99,2014-06-27,Chugiack,QGIS_2.4.0,General,Quick field field calc bar in attribute table
100,2014-06-27,Chugiack,QGIS_2.4.0,General,Colour preview modes in composer and map canvas
101,2014-06-27,Chugiack,QGIS_2.4.0,General,QLR QGIS Layer files
102,2014-06-27,Chugiack,QGIS_2.4.0,General,New expression functions
103,2014-06-27,Chugiack,QGIS_2.4.0,General,"Copy, paste and drag and drop colours"
104,2014-06-27,Chugiack,QGIS_2.4.0,General,Multi-threaded rendering
105,2014-06-27,Chugiack,QGIS_2.4.0,Plugins,MetaSearch Catalogue Client Plugin
106,2014-11-01,Brighton,QGIS_2.6.0,User Interface,Syntax highlighting code editor
107,2014-11-01,Brighton,QGIS_2.6.0,User Interface,Color palettes
108,2014-11-01,Brighton,QGIS_2.6.0,User Interface,Single select feature tool merged into select by rectangle
109,2014-11-01,Brighton,QGIS_2.6.0,User Interface,New color picker dialog
110,2014-11-01,Brighton,QGIS_2.6.0,User Interface,Add layer to map canvas behaviour
111,2014-11-01,Brighton,QGIS_2.6.0,User Interface,Add icon size 48 and 64
112,2014-11-01,Brighton,QGIS_2.6.0,User Interface,New colour buttons
113,2014-11-01,Brighton,QGIS_2.6.0,User Interface,Context menu for identify tool
114,2014-11-01,Brighton,QGIS_2.6.0,Symbology,Better random colour choice
115,2014-11-01,Brighton,QGIS_2.6.0,Symbology,Symbology user interface improvements
116,2014-11-01,Brighton,QGIS_2.6.0,Map Composer,Control over hiding print composer items from prints/exports
117,2014-11-01,Brighton,QGIS_2.6.0,Map Composer,Control over page printing for empty composer frames
118,2014-11-01,Brighton,QGIS_2.6.0,Map Composer,Item tree panel
119,2014-11-01,Brighton,QGIS_2.6.0,Map Composer,More control over appearance of composer arrow/line items
120,2014-11-01,Brighton,QGIS_2.6.0,Map Composer,Data defined control of composer items
121,2014-11-01,Brighton,QGIS_2.6.0,Map Composer,Composer images can be specifed as remote URLS
122,2014-11-01,Brighton,QGIS_2.6.0,Map Composer,Composer Table improvements
123,2014-11-01,Brighton,QGIS_2.6.0,Map Composer,Composer improvements
124,2014-11-01,Brighton,QGIS_2.6.0,Map Composer,Improved item snapping
125,2014-11-01,Brighton,QGIS_2.6.0,Map Composer,Multiple overviews for a map item
126,2014-11-01,Brighton,QGIS_2.6.0,Map Composer,HTML item improvements
127,2014-11-01,Brighton,QGIS_2.6.0,Map Composer,Composer map grid improvements
128,2014-11-01,Brighton,QGIS_2.6.0,Processing,New modeler implementation
129,2014-11-01,Brighton,QGIS_2.6.0,Processing,On-line collection of models and scripts
130,2014-11-01,Brighton,QGIS_2.6.0,General,Project filename in properties
131,2014-11-01,Brighton,QGIS_2.6.0,General,Expression field (virtual fields)
132,2014-11-01,Brighton,QGIS_2.6.0,General,Allow removing last point while measuring via del/backspace keys
133,2014-11-01,Brighton,QGIS_2.6.0,General,select related feature on the canvas from the relation reference widget
134,2014-11-01,Brighton,QGIS_2.6.0,General,Editor widgets
135,2014-11-01,Brighton,QGIS_2.6.0,General,Optionally use just a subset of fields from the joined layer
136,2014-11-01,Brighton,QGIS_2.6.0,General,Actions can now have an associated icon
137,2014-11-01,Brighton,QGIS_2.6.0,General,Additional expressions types and options
138,2014-11-01,Brighton,QGIS_2.6.0,General,Classes within graduated and categorised renderers can be toggled
139,2014-11-01,Brighton,QGIS_2.6.0,General,Legend improvements
140,2014-11-01,Brighton,QGIS_2.6.0,Data Providers,DXF export improvements
141,2014-11-01,Brighton,QGIS_2.6.0,QGIS Server,Enhancements of searching with GetFeatureInfo request
142,2014-11-01,Brighton,QGIS_2.6.0,QGIS Server,Add a precision setting for GetFeatureInfo geometry attributes
143,2014-11-01,Brighton,QGIS_2.6.0,QGIS Server,Context aware GetLegendGraphics requests
144,2014-11-01,Brighton,QGIS_2.6.0,Programmability,API changes for QGIS widgets
145,2015-02-20,Wien,QGIS_2.8.0,User Interface,Improved/consistent projection selection
146,2015-02-20,Wien,QGIS_2.8.0,Symbology,Raster image fill type
147,2015-02-20,Wien,QGIS_2.8.0,Symbology,Live heatmap renderer
148,2015-02-20,Wien,QGIS_2.8.0,Symbology,Multiple styles per layer
149,2015-02-20,Wien,QGIS_2.8.0,Symbology,More data-defined symbology settings
150,2015-02-20,Wien,QGIS_2.8.0,Symbology,DXF export: improve marker symbol export
151,2015-02-20,Wien,QGIS_2.8.0,Symbology,"Map rotation in canvas, improved rotation in composer"
152,2015-02-20,Wien,QGIS_2.8.0,Digitising,Advanced digitizing tools
153,2015-02-20,Wien,QGIS_2.8.0,Digitising,Improved simplify tool
154,2015-02-20,Wien,QGIS_2.8.0,Digitising,Snapping improvements
155,2015-02-20,Wien,QGIS_2.8.0,Data Management,Custom prefix for joins
156,2015-02-20,Wien,QGIS_2.8.0,Data Management,Support for creation of temporary memory layers
157,2015-02-20,Wien,QGIS_2.8.0,Data Management,Support for calculations on selected rows
158,2015-02-20,Wien,QGIS_2.8.0,Layer Legend,Show rule-based renderer&#39;s legend as a tree
159,2015-02-20,Wien,QGIS_2.8.0,Map Composer,Composer GUI Improvements
160,2015-02-20,Wien,QGIS_2.8.0,Map Composer,Grid improvements
161,2015-02-20,Wien,QGIS_2.8.0,Map Composer,Label item margins
162,2015-02-20,Wien,QGIS_2.8.0,Analysis Tools,Measure dialog improvements
163,2015-02-20,Wien,QGIS_2.8.0,Processing,New algorithms
164,2015-02-20,Wien,QGIS_2.8.0,Processing,New geometric predicate parameter type
165,2015-02-20,Wien,QGIS_2.8.0,Browser,More responsive browser
166,2015-02-20,Wien,QGIS_2.8.0,General,Enter expressions into spin boxes
167,2015-02-20,Wien,QGIS_2.8.0,General,Bookmarks can be imported/exported
168,2015-02-20,Wien,QGIS_2.8.0,General,Improvements to expressions
169,2015-02-20,Wien,QGIS_2.8.0,General,Continuous testing framework and QA improvements
170,2015-02-20,Wien,QGIS_2.8.0,Data Providers,Support for contextual WMS legend graphics
171,2015-02-20,Wien,QGIS_2.8.0,QGIS Server,Server python plugins
172,2015-02-20,Wien,QGIS_2.8.0,QGIS Server,Support for layer styles
173,2015-02-20,Wien,QGIS_2.8.0,Plugins,Python console improvements
174,2015-02-20,Wien,QGIS_2.8.0,Programmability,Add comment functionality to expressions
175,2015-02-20,Wien,QGIS_2.8.0,Programmability,Custom expression function editor
176,2015-02-20,Wien,QGIS_2.8.0,Programmability,Qt5 support
177,2015-02-20,Wien,QGIS_2.8.0,Programmability,Bulk loading spatial index
178,2015-02-20,Wien,QGIS_2.8.0,Programmability,Run only the selected part of a SQL query
179,2015-06-26,Pisa,QGIS_2.10.0,Symbology,Match categories to existing styles
180,2015-06-26,Pisa,QGIS_2.10.0,Symbology,Data defined properties for font marker
181,2015-06-26,Pisa,QGIS_2.10.0,Symbology,Vary symbol sizes using the graduated renderer
182,2015-06-26,Pisa,QGIS_2.10.0,Symbology,New option for preventing the automatic clipping of features to the map extent
183,2015-06-26,Pisa,QGIS_2.10.0,Symbology,Size scale and rotation have been removed from the advanced menu
184,2015-06-26,Pisa,QGIS_2.10.0,Symbology,Visualise and modify the graduated renderer using a histogram
185,2015-06-26,Pisa,QGIS_2.10.0,Symbology,"Size, rotation and stroke-width expressions at the symbollist level"
186,2015-06-26,Pisa,QGIS_2.10.0,Symbology,Live layer effects for layers and symbol layers
187,2015-06-26,Pisa,QGIS_2.10.0,Labelling,&quot;Follow point&quot; alignment for multiline labels
188,2015-06-26,Pisa,QGIS_2.10.0,Diagrams,Diagram improvements
189,2015-06-26,Pisa,QGIS_2.10.0,Digitising,Improved geometry rotation tool
190,2015-06-26,Pisa,QGIS_2.10.0,Data Management,Virtual fields are now updatable
191,2015-06-26,Pisa,QGIS_2.10.0,Data Management,Line edit with auto-completer for ValueRelation edit widget
192,2015-06-26,Pisa,QGIS_2.10.0,Data Management,Improvements to DB Manager
193,2015-06-26,Pisa,QGIS_2.10.0,Data Management,Filter chaining for relation reference widget
194,2015-06-26,Pisa,QGIS_2.10.0,Map Composer,Add scalebar sizing mode to fit a desired scalebar width
195,2015-06-26,Pisa,QGIS_2.10.0,Analysis Tools,New statistical summary dock widget
196,2015-06-26,Pisa,QGIS_2.10.0,Analysis Tools,Use logarithmic functions in the raster calculator
197,2015-06-26,Pisa,QGIS_2.10.0,Analysis Tools,New zonal statistics features
198,2015-06-26,Pisa,QGIS_2.10.0,Browser,New browser properties widget
199,2015-06-26,Pisa,QGIS_2.10.0,Browser,New browser icon
200,2015-06-26,Pisa,QGIS_2.10.0,General,Join parameters can now be edited
201,2015-06-26,Pisa,QGIS_2.10.0,General,Layers with joins can now be filtered
202,2015-06-26,Pisa,QGIS_2.10.0,General,General improvements
203,2015-06-26,Pisa,QGIS_2.10.0,General,Improved handling of potential project file overwrites
204,2015-06-26,Pisa,QGIS_2.10.0,General,New geometry engine
205,2015-06-26,Pisa,QGIS_2.10.0,Data Providers,DXF Export Improvements
206,2015-06-26,Pisa,QGIS_2.10.0,Data Providers,PostGIS provider side expression filters
207,2015-06-26,Pisa,QGIS_2.10.0,QGIS Server,Support for tolerance parameter in WMS GetFeatureInfo requests
208,2015-06-26,Pisa,QGIS_2.10.0,Programmability,Improvements for programmers
209,2015-10-23,Lyon,QGIS_2.12.0,Symbology,Export thumbnails from style manager
210,2015-10-23,Lyon,QGIS_2.12.0,Symbology,New option for limiting size in mm when using map unit sizes
211,2015-10-23,Lyon,QGIS_2.12.0,Symbology,Improvements to displacement renderer
212,2015-10-23,Lyon,QGIS_2.12.0,Symbology,All color ramps can now be edited
213,2015-10-23,Lyon,QGIS_2.12.0,Symbology,Improved handling of SVG marker outlines
214,2015-10-23,Lyon,QGIS_2.12.0,Symbology,Add pixels as option for all symbology size unit choices
215,2015-10-23,Lyon,QGIS_2.12.0,Labelling,Data defined quadrant when in &quot;around point&quot; mode
216,2015-10-23,Lyon,QGIS_2.12.0,Labelling,Draw only labels which fit inside polygons
217,2015-10-23,Lyon,QGIS_2.12.0,Labelling,Control priority of labeling obstacles
218,2015-10-23,Lyon,QGIS_2.12.0,Labelling,New options to control how polygon layers act as obstacles
219,2015-10-23,Lyon,QGIS_2.12.0,Labelling,Data defined control over label priority
220,2015-10-23,Lyon,QGIS_2.12.0,Labelling,Option for obstacle-only layers
221,2015-10-23,Lyon,QGIS_2.12.0,Labelling,Rule-based labeling
222,2015-10-23,Lyon,QGIS_2.12.0,Digitising,Digitising improvements
223,2015-10-23,Lyon,QGIS_2.12.0,Data Management,DBManager Improvements
224,2015-10-23,Lyon,QGIS_2.12.0,Data Management,Conditional formatting for attribute table cells
225,2015-10-23,Lyon,QGIS_2.12.0,Data Management,Support for relative paths in widgets
226,2015-10-23,Lyon,QGIS_2.12.0,Map Composer,Atlas navigation improvements
227,2015-10-23,Lyon,QGIS_2.12.0,Map Composer,Custom format for grid annotations
228,2015-10-23,Lyon,QGIS_2.12.0,Map Composer,Multiline text handling and automatic text wrapping in composer attribute tables
229,2015-10-23,Lyon,QGIS_2.12.0,Map Composer,Advanced customisation of cell background color
230,2015-10-23,Lyon,QGIS_2.12.0,Map Composer,Add fit page to contents option and options for cropping exports to contents
231,2015-10-23,Lyon,QGIS_2.12.0,Map Composer,Force vector layers to render as a raster images
232,2015-10-23,Lyon,QGIS_2.12.0,Map Composer,Data defined control over map layers and style presets
233,2015-10-23,Lyon,QGIS_2.12.0,Map Composer,Option to hide pages from view/export
234,2015-10-23,Lyon,QGIS_2.12.0,Analysis Tools,Added number of vertices to derived fields in identify tool
235,2015-10-23,Lyon,QGIS_2.12.0,Analysis Tools,Raster alignment tool
236,2015-10-23,Lyon,QGIS_2.12.0,Analysis Tools,Geometry Checker and Geometry Snapper plugins
237,2015-10-23,Lyon,QGIS_2.12.0,Application and Project Options,Encrypted password management
238,2015-10-23,Lyon,QGIS_2.12.0,Browser,Improvements to PostGIS connections in browser
239,2015-10-23,Lyon,QGIS_2.12.0,General,New welcome screen
240,2015-10-23,Lyon,QGIS_2.12.0,General,Ongoing improvements to code quality
241,2015-10-23,Lyon,QGIS_2.12.0,General,Advanced settings editor
242,2015-10-23,Lyon,QGIS_2.12.0,General,Mutually exclusive layer tree groups
243,2015-10-23,Lyon,QGIS_2.12.0,General,Filtering for field values in expression widget
244,2015-10-23,Lyon,QGIS_2.12.0,General,User Interface Theme support
245,2015-10-23,Lyon,QGIS_2.12.0,General,New expression functions in 2.12
246,2015-10-23,Lyon,QGIS_2.12.0,General,Variables in expressions
247,2015-10-23,Lyon,QGIS_2.12.0,Data Providers,PostGIS provider improvements
248,2015-10-23,Lyon,QGIS_2.12.0,QGIS Server,QGIS Server Python API
249,2015-10-23,Lyon,QGIS_2.12.0,QGIS Server,getMap in dxf format
250,2015-10-23,Lyon,QGIS_2.12.0,Plugins,Update of the GRASS plugin
251,2015-10-23,Lyon,QGIS_2.12.0,Programmability,Open scripts in external editor
252,2015-10-23,Lyon,QGIS_2.12.0,Programmability,Maptools moved from app-&gt;gui
253,2015-10-23,Lyon,QGIS_2.12.0,Programmability,Editing layers via `with edit(layer):`
254,2015-10-23,Lyon,QGIS_2.12.0,Programmability,New API for labeling engine (QgsLabelingEngineV2)
255,2015-10-23,Lyon,QGIS_2.12.0,Programmability,New classes for PyQGIS programs
256,2016-02-26,Essen,QGIS_2.14.0,User Interface,Attribute table can be refreshed
257,2016-02-26,Essen,QGIS_2.14.0,User Interface,Directly set renderer and class symbol colors from context menu in legend
258,2016-02-26,Essen,QGIS_2.14.0,User Interface,Edit legend symbols directly from layer tree
259,2016-02-26,Essen,QGIS_2.14.0,User Interface,Show/hide all legend items via the the context menu
260,2016-02-26,Essen,QGIS_2.14.0,Symbology,Size assistant for varying line width
261,2016-02-26,Essen,QGIS_2.14.0,Symbology,Support for transparency in SVG color parameters
262,2016-02-26,Essen,QGIS_2.14.0,Symbology,Easy duplication of symbol layers
263,2016-02-26,Essen,QGIS_2.14.0,Symbology,2.5D Renderer
264,2016-02-26,Essen,QGIS_2.14.0,Symbology,Allow definition of rendering order for features
265,2016-02-26,Essen,QGIS_2.14.0,Symbology,Geometry generator symbols
266,2016-02-26,Essen,QGIS_2.14.0,Labelling,&quot;Cartographic&quot; placement mode for point labels
267,2016-02-26,Essen,QGIS_2.14.0,Labelling,Applying label distance from symbol bounds
268,2016-02-26,Essen,QGIS_2.14.0,Labelling,Control over label rendering order
269,2016-02-26,Essen,QGIS_2.14.0,Labelling,Actual rendered symbol is now considered as an obstacle for point feature labels
270,2016-02-26,Essen,QGIS_2.14.0,Digitising,Configurable rubber band color
271,2016-02-26,Essen,QGIS_2.14.0,Digitising,Trace digitising tool
272,2016-02-26,Essen,QGIS_2.14.0,Data Management,Removal of SPIT plugin
273,2016-02-26,Essen,QGIS_2.14.0,Data Management,DXF export: option to use title instead of name as DXF layer name in application and server
274,2016-02-26,Essen,QGIS_2.14.0,Data Management,Geometry type can be overridden in the vector save as dialog
275,2016-02-26,Essen,QGIS_2.14.0,Data Management,Vector joins are now saved within QLR layer-definition-files
276,2016-02-26,Essen,QGIS_2.14.0,Data Management,External Resource widget
277,2016-02-26,Essen,QGIS_2.14.0,Data Management,N:M relation editing
278,2016-02-26,Essen,QGIS_2.14.0,Layer Legend,Paste a style to multiple selected layers or to all layers in a legend group
279,2016-02-26,Essen,QGIS_2.14.0,Layer Legend,New options for filtering legend elements
280,2016-02-26,Essen,QGIS_2.14.0,Layer Legend,Filter legend by expression
281,2016-02-26,Essen,QGIS_2.14.0,Map Composer,Additional paths for composer templates
282,2016-02-26,Essen,QGIS_2.14.0,Map Composer,Multiple selection of compositions in manager
283,2016-02-26,Essen,QGIS_2.14.0,Analysis Tools,More statistics available in merge attributes tool
284,2016-02-26,Essen,QGIS_2.14.0,Analysis Tools,z/m values are shown when using the identify tool
285,2016-02-26,Essen,QGIS_2.14.0,Analysis Tools,Unified handling of distance and area units and coordinate formats
286,2016-02-26,Essen,QGIS_2.14.0,Processing,Improved toolbox
287,2016-02-26,Essen,QGIS_2.14.0,Processing,Batch processes can be saved and later recovered from the batch processing interface
288,2016-02-26,Essen,QGIS_2.14.0,Processing,New algorithms in 2.14
289,2016-02-26,Essen,QGIS_2.14.0,Processing,Unit Tests Q/A
290,2016-02-26,Essen,QGIS_2.14.0,Processing,More informative algorithm dialog
291,2016-02-26,Essen,QGIS_2.14.0,Processing,GRASS7 v.net modules
292,2016-02-26,Essen,QGIS_2.14.0,Browser,Browser Improvements
293,2016-02-26,Essen,QGIS_2.14.0,General,Zoom to feature with right-click in attribute table
294,2016-02-26,Essen,QGIS_2.14.0,General,Changed behaviour of strpos function
295,2016-02-26,Essen,QGIS_2.14.0,General,Speed and memory improvements
296,2016-02-26,Essen,QGIS_2.14.0,General,More expression variables
297,2016-02-26,Essen,QGIS_2.14.0,General,Better control over placement of map elements
298,2016-02-26,Essen,QGIS_2.14.0,General,Paid bugfixing programme
299,2016-02-26,Essen,QGIS_2.14.0,General,Field calculator can be used to update feature&#39;s geometry
300,2016-02-26,Essen,QGIS_2.14.0,General,New expression functions in 2.14
301,2016-02-26,Essen,QGIS_2.14.0,Data Providers,Cache WMS capabililies
302,2016-02-26,Essen,QGIS_2.14.0,Data Providers,Curved geometry support expanded
303,2016-02-26,Essen,QGIS_2.14.0,Data Providers,Better handling of time and datetime fields
304,2016-02-26,Essen,QGIS_2.14.0,Data Providers,Z/M support in delimited text provider
305,2016-02-26,Essen,QGIS_2.14.0,Data Providers,Transaction groups for postgres editing
306,2016-02-26,Essen,QGIS_2.14.0,Data Providers,Postgres provider PKI authentication
307,2016-02-26,Essen,QGIS_2.14.0,Data Providers,Virtual layers
308,2016-02-26,Essen,QGIS_2.14.0,Data Providers,More file extensions for GDAL and OGR providers file selectors
309,2016-02-26,Essen,QGIS_2.14.0,Data Providers,Use ST_RemoveRepeatedPoints for server-side simplification with PostGIS 2.2 (or newer) layers
310,2016-02-26,Essen,QGIS_2.14.0,QGIS Server,STARTINDEX param in WFS GetFeature Request
311,2016-02-26,Essen,QGIS_2.14.0,QGIS Server,showFeatureCount in GetLegendGraphic
312,2016-02-26,Essen,QGIS_2.14.0,QGIS Server,Option to avoid rendering artefacts at edges of tiles
313,2016-02-26,Essen,QGIS_2.14.0,QGIS Server,Configuration checker in project properties
314,2016-02-26,Essen,QGIS_2.14.0,QGIS Server,WMS INSPIRE Capabilities
315,2016-02-26,Essen,QGIS_2.14.0,QGIS Server,"Add short name to layers, groups and project"
316,2016-02-26,Essen,QGIS_2.14.0,Plugins,Authentication system support for plugin manager
317,2016-02-26,Essen,QGIS_2.14.0,Programmability,Redesign expression function editor
318,2016-02-26,Essen,QGIS_2.14.0,Programmability,Store python init code into the project
319,2016-02-26,Essen,QGIS_2.14.0,Programmability,New filtering and sorting options for QgsFeatureRequest
320,2016-02-26,Essen,QGIS_2.14.0,Programmability,Custom feature form Python code options
321,2016-02-26,Essen,QGIS_2.14.0,Programmability,New PyQGIS classes in 2.14
322,2016-07-08,Nodebo,QGIS_2.16.0,Documentation,Authentication system&#39;s documentation in users manual
323,2016-07-08,Nodebo,QGIS_2.16.0,Documentation,QGIS 2.14 Documentation
324,2016-07-08,Nodebo,QGIS_2.16.0,User Interface,Map canvas magnifier
325,2016-07-08,Nodebo,QGIS_2.16.0,User Interface,Improvements to map zooming
326,2016-07-08,Nodebo,QGIS_2.16.0,User Interface,Redesigned interactive gradient editor
327,2016-07-08,Nodebo,QGIS_2.16.0,User Interface,Choice of default view for the attribute dialog
328,2016-07-08,Nodebo,QGIS_2.16.0,User Interface,Improvements to calendar popups
329,2016-07-08,Nodebo,QGIS_2.16.0,User Interface,Improved color pickers
330,2016-07-08,Nodebo,QGIS_2.16.0,User Interface,Copy cell contents from attribute table
331,2016-07-08,Nodebo,QGIS_2.16.0,User Interface,Improved HiDPI support
332,2016-07-08,Nodebo,QGIS_2.16.0,User Interface,Improved map select tool behaviour
333,2016-07-08,Nodebo,QGIS_2.16.0,Symbology,Arrow symbol layer
334,2016-07-08,Nodebo,QGIS_2.16.0,Symbology,New &quot;Filled marker&quot; symbol layer type
335,2016-07-08,Nodebo,QGIS_2.16.0,Symbology,New accessibility and low vision symbols
336,2016-07-08,Nodebo,QGIS_2.16.0,Symbology,New simple marker symbols
337,2016-07-08,Nodebo,QGIS_2.16.0,Symbology,&quot;No symbol&quot; renderer
338,2016-07-08,Nodebo,QGIS_2.16.0,Symbology,More control over centroid fill point rendering
339,2016-07-08,Nodebo,QGIS_2.16.0,Symbology,Outline setting for font markers symbol
340,2016-07-08,Nodebo,QGIS_2.16.0,Symbology,"Control outline join style for simple, ellipse, and font markers"
341,2016-07-08,Nodebo,QGIS_2.16.0,Symbology,New map tool for interactively setting point symbol offset
342,2016-07-08,Nodebo,QGIS_2.16.0,Symbology,Style Dock
343,2016-07-08,Nodebo,QGIS_2.16.0,Labelling,Labeling map tools now work with rule-based labeling
344,2016-07-08,Nodebo,QGIS_2.16.0,Diagrams,Legend entries for diagram size
345,2016-07-08,Nodebo,QGIS_2.16.0,Diagrams,Unit selection for outline width
346,2016-07-08,Nodebo,QGIS_2.16.0,Diagrams,Diagrams behave like labels and can be managed from toolbar
347,2016-07-08,Nodebo,QGIS_2.16.0,Rendering,New options for on the fly simplification
348,2016-07-08,Nodebo,QGIS_2.16.0,Rendering,Quantile based classification for raster layers
349,2016-07-08,Nodebo,QGIS_2.16.0,Rendering,Live hillshade renderer
350,2016-07-08,Nodebo,QGIS_2.16.0,Digitising,&quot;Repeating&quot; locking mode for constraints
351,2016-07-08,Nodebo,QGIS_2.16.0,Digitising,Extend linestring geometries with reshape tool
352,2016-07-08,Nodebo,QGIS_2.16.0,Digitising,Segmentation tolerance
353,2016-07-08,Nodebo,QGIS_2.16.0,Data Management,New configuration options for attribute table
354,2016-07-08,Nodebo,QGIS_2.16.0,Data Management,Multiple columns in attribute forms
355,2016-07-08,Nodebo,QGIS_2.16.0,Data Management,Control over attributes to export when saving a vector layer
356,2016-07-08,Nodebo,QGIS_2.16.0,Data Management,Forms view: side column now sortable
357,2016-07-08,Nodebo,QGIS_2.16.0,Data Management,Relation reference widget: shortcut for adding new values
358,2016-07-08,Nodebo,QGIS_2.16.0,Data Management,DXF export improvements
359,2016-07-08,Nodebo,QGIS_2.16.0,Data Management,Top level widgets in drag and drop designer
360,2016-07-08,Nodebo,QGIS_2.16.0,Data Management,Form based select and filter
361,2016-07-08,Nodebo,QGIS_2.16.0,Data Management,Create GeoPackage layers
362,2016-07-08,Nodebo,QGIS_2.16.0,Data Management,Constraints on widgets
363,2016-07-08,Nodebo,QGIS_2.16.0,Data Management,Edit attributes of multiple features simultaneously
364,2016-07-08,Nodebo,QGIS_2.16.0,Layer Legend,New option to zoom to a layer&#39;s visible scale range
365,2016-07-08,Nodebo,QGIS_2.16.0,Map Composer,New tools for drawing polygons and polylines
366,2016-07-08,Nodebo,QGIS_2.16.0,Map Composer,Relative links in composer labels
367,2016-07-08,Nodebo,QGIS_2.16.0,Map Composer,Embed atlas features into composer HTML source as GeoJSON
368,2016-07-08,Nodebo,QGIS_2.16.0,Map Composer,Parameterized svg support for composer svg images
369,2016-07-08,Nodebo,QGIS_2.16.0,Map Composer,Easier use of HTML in labels
370,2016-07-08,Nodebo,QGIS_2.16.0,Map Composer,Georeference outputs (eg PDF) from composer
371,2016-07-08,Nodebo,QGIS_2.16.0,Map Composer,Composer maps now auto-update with presets
372,2016-07-08,Nodebo,QGIS_2.16.0,Analysis Tools,Named parameters in expressions
373,2016-07-08,Nodebo,QGIS_2.16.0,Analysis Tools,More distance units
374,2016-07-08,Nodebo,QGIS_2.16.0,Analysis Tools,Changes to expressions
375,2016-07-08,Nodebo,QGIS_2.16.0,Analysis Tools,Statistics for string and date fields
376,2016-07-08,Nodebo,QGIS_2.16.0,Analysis Tools,Show curve point radius in info tool
377,2016-07-08,Nodebo,QGIS_2.16.0,Analysis Tools,Aggregate support for expressions
378,2016-07-08,Nodebo,QGIS_2.16.0,Analysis Tools,fTools plugin has been replaced with Processing algorithms
379,2016-07-08,Nodebo,QGIS_2.16.0,Processing,Set point locations by clicking on canvas
380,2016-07-08,Nodebo,QGIS_2.16.0,Processing,Support for expressions and variables
381,2016-07-08,Nodebo,QGIS_2.16.0,Processing,Preconfigured algorithms
382,2016-07-08,Nodebo,QGIS_2.16.0,Processing,Create a plugin with script-based algorithms from the toolbox
383,2016-07-08,Nodebo,QGIS_2.16.0,Processing,Use of authentication manager in PostGIS related algorithms
384,2016-07-08,Nodebo,QGIS_2.16.0,Processing,Support for writing tables with no geometry
385,2016-07-08,Nodebo,QGIS_2.16.0,Processing,Additional GRASS algorithms in processing
386,2016-07-08,Nodebo,QGIS_2.16.0,General,Copying features in GeoJSON format
387,2016-07-08,Nodebo,QGIS_2.16.0,General,Store spatial bookmarks in project files
388,2016-07-08,Nodebo,QGIS_2.16.0,General,Support for GNSS GNRMC messages
389,2016-07-08,Nodebo,QGIS_2.16.0,General,Paste GeoJSON features directly into QGIS
390,2016-07-08,Nodebo,QGIS_2.16.0,General,Map tip improvements
391,2016-07-08,Nodebo,QGIS_2.16.0,General,Desktop MIME icons for QGIS file types
392,2016-07-08,Nodebo,QGIS_2.16.0,Data Providers,OGR datasets are opened in read-only mode by default
393,2016-07-08,Nodebo,QGIS_2.16.0,Data Providers,Improved handling of Postgres DOMAIN type fields
394,2016-07-08,Nodebo,QGIS_2.16.0,Data Providers,Make readOnly mode of vector layers configurable in project
395,2016-07-08,Nodebo,QGIS_2.16.0,Data Providers,Support for DB2 databases
396,2016-07-08,Nodebo,QGIS_2.16.0,Data Providers,Refresh Postgres materialized views in db manager
397,2016-07-08,Nodebo,QGIS_2.16.0,Data Providers,OGR FID attribute shown
398,2016-07-08,Nodebo,QGIS_2.16.0,Data Providers,ArcGIS Map and Feature REST services
399,2016-07-08,Nodebo,QGIS_2.16.0,Data Providers,Save styles in MS SQL and Oracle databases
400,2016-07-08,Nodebo,QGIS_2.16.0,Data Providers,Rename fields in layers
401,2016-07-08,Nodebo,QGIS_2.16.0,Data Providers,Basic support for Oracle Workspace Manager
402,2016-07-08,Nodebo,QGIS_2.16.0,Data Providers,Massive improvements to WFS Provider
403,2016-07-08,Nodebo,QGIS_2.16.0,Data Providers,Generation of default values on Postgres layers &quot;just in time&quot;
404,2016-07-08,Nodebo,QGIS_2.16.0,QGIS Server,Redlining support in GetMap and GetPrint
405,2016-07-08,Nodebo,QGIS_2.16.0,QGIS Server,Default datum transformation for server
406,2016-07-08,Nodebo,QGIS_2.16.0,Plugins,Refreshed globe plugin
407,2016-07-08,Nodebo,QGIS_2.16.0,Plugins,Globe: Extrude objects
408,2016-07-08,Nodebo,QGIS_2.16.0,Plugins,API: Add pages to vector layer properties
409,2016-07-08,Nodebo,QGIS_2.16.0,Plugins,Globe: Vector support
410,2016-07-08,Nodebo,QGIS_2.16.0,Plugins,Globe: Vertical exaggeration for DTM
411,2016-07-08,Nodebo,QGIS_2.16.0,Programmability,Embedded widgets in layer tree
412,2016-07-08,Nodebo,QGIS_2.16.0,Programmability,Plugins can add pages to vector layer properties
413,2016-07-08,Nodebo,QGIS_2.16.0,Programmability,New PyQGIS classes in 2.16
414,2016-07-08,Nodebo,QGIS_2.16.0,Notable Fixes,QGIS Paid Bugfixing Programme
415,2016-10-21,Las Palmas de G.C.,QGIS_2.18.0,Symbology,Color picker is now embedded in layer style panel
416,2016-10-21,Las Palmas de G.C.,QGIS_2.18.0,Labelling,Substitution list support for labeling
417,2016-10-21,Las Palmas de G.C.,QGIS_2.18.0,Labelling,Improved line label placement algorithm
418,2016-10-21,Las Palmas de G.C.,QGIS_2.18.0,Labelling,Label polygons using curved labels along perimeter
419,2016-10-21,Las Palmas de G.C.,QGIS_2.18.0,Data Management,Add flag to only copy selected features
420,2016-10-21,Las Palmas de G.C.,QGIS_2.18.0,Forms and Widgets,Allow controlling labels for individual edit widgets
421,2016-10-21,Las Palmas de G.C.,QGIS_2.18.0,Forms and Widgets,Conditional visibility for tabs and group boxes
422,2016-10-21,Las Palmas de G.C.,QGIS_2.18.0,Forms and Widgets,Client side default field values
423,2016-10-21,Las Palmas de G.C.,QGIS_2.18.0,Map Composer,True North Arrows
424,2016-10-21,Las Palmas de G.C.,QGIS_2.18.0,Processing,Point on surface algorithm  added
425,2016-10-21,Las Palmas de G.C.,QGIS_2.18.0,Processing,New algorithm for geometry boundary
426,2016-10-21,Las Palmas de G.C.,QGIS_2.18.0,Processing,New algorithm for calculating feature bounding box
427,2016-10-21,Las Palmas de G.C.,QGIS_2.18.0,Processing,Processing dissolve algorithm accepts multiple fields
428,2016-10-21,Las Palmas de G.C.,QGIS_2.18.0,Processing,Optimised processing clip algorithm
429,2016-10-21,Las Palmas de G.C.,QGIS_2.18.0,Processing,New algorithm for merging connected lines
430,2016-10-21,Las Palmas de G.C.,QGIS_2.18.0,General,Automatic links in identify results
431,2016-10-21,Las Palmas de G.C.,QGIS_2.18.0,General,Mouse wheel over color dialog sliders
432,2016-10-21,Las Palmas de G.C.,QGIS_2.18.0,General,Add custom color schemes to color button drop down menu
433,2016-10-21,Las Palmas de G.C.,QGIS_2.18.0,Data Providers,Preview for WMTS + added XYZ tile layers
434,2016-10-21,Las Palmas de G.C.,QGIS_2.18.0,QGIS Server,Possibility to segmentize feature info geometry in server
435,2016-10-21,Las Palmas de G.C.,QGIS_2.18.0,Plugins,DB Manager: Add the ability to update SQL Layer
436,2016-10-21,Las Palmas de G.C.,QGIS_2.18.0,Programmability,New expression functions
437,2016-10-21,Las Palmas de G.C.,QGIS_2.18.0,Programmability,Expose GEOS linear referencing function to QgsGeometry
438,2018-02-23,Girona,QGIS_3.0.0,Expressions,New expression variables
439,2018-02-23,Girona,QGIS_3.0.0,Expressions,new global expression variable @qgis_locale
440,2018-02-23,Girona,QGIS_3.0.0,Expressions,New expression variables for map settings
441,2018-02-23,Girona,QGIS_3.0.0,Expressions,New expression functions
442,2018-02-23,Girona,QGIS_3.0.0,Expressions,Expose @parent variable in aggregate functions
443,2018-02-23,Girona,QGIS_3.0.0,Expressions,item_variables expression function inside compositions
444,2018-02-23,Girona,QGIS_3.0.0,Documentation,Processing algorithms enhancements
445,2018-02-23,Girona,QGIS_3.0.0,User Interface,Enable tabbed floating docks
446,2018-02-23,Girona,QGIS_3.0.0,User Interface,Add support for fine-resolution mouse wheel zooming
447,2018-02-23,Girona,QGIS_3.0.0,User Interface,add search bar to the Configure Shortcuts dialog
448,2018-02-23,Girona,QGIS_3.0.0,User Interface,Locator bar
449,2018-02-23,Girona,QGIS_3.0.0,User Interface,More non-blocking;inline editing
450,2018-02-23,Girona,QGIS_3.0.0,User Interface,Add an option to show user color schemes menus
451,2018-02-23,Girona,QGIS_3.0.0,User Interface,Color setting for map canvas north arrow decoration
452,2018-02-23,Girona,QGIS_3.0.0,User Interface,Improved map canvas&#39; save as image
453,2018-02-23,Girona,QGIS_3.0.0,User Interface,Toggle visibility of opened panels in main window
454,2018-02-23,Girona,QGIS_3.0.0,User Interface,Improved consistency to the user interface
455,2018-02-23,Girona,QGIS_3.0.0,User Interface,Open layers in a single group
456,2018-02-23,Girona,QGIS_3.0.0,Symbology,Data defined symbol layer visibility
457,2018-02-23,Girona,QGIS_3.0.0,Symbology,save and restore color ramp used for singleband pseudocolor rendering
458,2018-02-23,Girona,QGIS_3.0.0,Symbology,Add Points  and Inches to available symbol units
459,2018-02-23,Girona,QGIS_3.0.0,Symbology,New color ramp button widget
460,2018-02-23,Girona,QGIS_3.0.0,Symbology,Style management re-work and upgrade
461,2018-02-23,Girona,QGIS_3.0.0,Symbology,Support setting of color and transparency on multiple items for raster renderers
462,2018-02-23,Girona,QGIS_3.0.0,Symbology,Show an alpha slider in color button drop down menu
463,2018-02-23,Girona,QGIS_3.0.0,Symbology,Raster stretch toolbar actions support for pseudocolor renderer
464,2018-02-23,Girona,QGIS_3.0.0,Symbology,Transparency support for paletted renderer
465,2018-02-23,Girona,QGIS_3.0.0,Symbology,raster auto-stretching when updating canvas
466,2018-02-23,Girona,QGIS_3.0.0,Symbology,Control over annotation contents margins
467,2018-02-23,Girona,QGIS_3.0.0,Symbology,Annotations can be styled using fill symbol styles
468,2018-02-23,Girona,QGIS_3.0.0,Symbology,Point cluster renderer
469,2018-02-23,Girona,QGIS_3.0.0,Symbology,NEW MAP COLORING ALGORITHMS IN QGIS 3.0
470,2018-02-23,Girona,QGIS_3.0.0,Symbology,New &quot;preset&quot; colors color ramp option
471,2018-02-23,Girona,QGIS_3.0.0,Symbology,Allow symbol layers to be temporarily disabled
472,2018-02-23,Girona,QGIS_3.0.0,Symbology,Easy styling of discrete rasters
473,2018-02-23,Girona,QGIS_3.0.0,Labelling,Allow label font size in mm/pixels
474,2018-02-23,Girona,QGIS_3.0.0,Labelling,Custom labelling toolbar is now always enabled
475,2018-02-23,Girona,QGIS_3.0.0,Diagrams,Data definable properties
476,2018-02-23,Girona,QGIS_3.0.0,Rendering,Live layer support
477,2018-02-23,Girona,QGIS_3.0.0,Rendering,Trigger layer refresh or layer actions from PostgreSQL NOTIFY signal 
478,2018-02-23,Girona,QGIS_3.0.0,Rendering,Cache labeling result to avoid unnecessary redraws     when refreshing canvas
479,2018-02-23,Girona,QGIS_3.0.0,Rendering,Grid renderer for points displacement
480,2018-02-23,Girona,QGIS_3.0.0,Digitising,Range vertex selection in node tool
481,2018-02-23,Girona,QGIS_3.0.0,Digitising,Add default Z value option
482,2018-02-23,Girona,QGIS_3.0.0,Digitising,Move feature now benefits from Advanced Digitizing
483,2018-02-23,Girona,QGIS_3.0.0,Digitising,Added  functionnality to copy/move feature to move feature map tool
484,2018-02-23,Girona,QGIS_3.0.0,Digitising,Tracing with offset
485,2018-02-23,Girona,QGIS_3.0.0,Digitising,Overhaul of the Vertex tool
486,2018-02-23,Girona,QGIS_3.0.0,Digitising,Vertex tool;mid-point markers to add vertices
487,2018-02-23,Girona,QGIS_3.0.0,Digitising,Vertex tool;continue line
488,2018-02-23,Girona,QGIS_3.0.0,Digitising,Vertex tool;support for advanced digitizing panel
489,2018-02-23,Girona,QGIS_3.0.0,Data Management,Pan to current feature in attribute table
490,2018-02-23,Girona,QGIS_3.0.0,Data Management,Map of CRS-extent in Project properties 
491,2018-02-23,Girona,QGIS_3.0.0,Data Management,Auxilliary Storage Support
492,2018-02-23,Girona,QGIS_3.0.0,Data Management,Metadata overhaul
493,2018-02-23,Girona,QGIS_3.0.0,Data Management,Unified data source manager dialog
494,2018-02-23,Girona,QGIS_3.0.0,Data Management,OSM Downloader tool removed
495,2018-02-23,Girona,QGIS_3.0.0,Forms and Widgets,Allow controlling labels for individual edit widgets
496,2018-02-23,Girona,QGIS_3.0.0,Forms and Widgets,Allow configuring link/unlink feature buttons on relation editor widget
497,2018-02-23,Girona,QGIS_3.0.0,Forms and Widgets,conditional visibility for tabs and groupboxes
498,2018-02-23,Girona,QGIS_3.0.0,Forms and Widgets,Smarter default edit widgets with plugins to pick them
499,2018-02-23,Girona,QGIS_3.0.0,Forms and Widgets,Field constraints can be enforced or not
500,2018-02-23,Girona,QGIS_3.0.0,Forms and Widgets,Add layer scoped actions
501,2018-02-23,Girona,QGIS_3.0.0,Forms and Widgets,Show field values in autocompleter in form filter mode
502,2018-02-23,Girona,QGIS_3.0.0,Forms and Widgets,Add zoom to features and flash features shortcuts in select by form dialog
503,2018-02-23,Girona,QGIS_3.0.0,Forms and Widgets,Add between/not between to numerical fields in select by form
504,2018-02-23,Girona,QGIS_3.0.0,Layer Legend,Hide Deselected Layers action
505,2018-02-23,Girona,QGIS_3.0.0,Layer Legend,Change of ergonomy of the visibility of layers inside groups
506,2018-02-23,Girona,QGIS_3.0.0,Map Composer,Control over drawing of composer table grid horizontal &amp; vertical lines
507,2018-02-23,Girona,QGIS_3.0.0,Map Composer,Drag qpt to QGIS to create new composer from template
508,2018-02-23,Girona,QGIS_3.0.0,Map Composer,Allow customization of line spacing for composer legend item labels
509,2018-02-23,Girona,QGIS_3.0.0,Map Composer,Allow choice of CRS for map items
510,2018-02-23,Girona,QGIS_3.0.0,Map Composer,Holding shift while drawing polyline/polygon constrains     line angles
511,2018-02-23,Girona,QGIS_3.0.0,Map Composer,More data definable controls
512,2018-02-23,Girona,QGIS_3.0.0,Map Composer,Map Composer Overhaul
513,2018-02-23,Girona,QGIS_3.0.0,Analysis Tools,Raster unique values count for processing
514,2018-02-23,Girona,QGIS_3.0.0,Processing,New algorithm for offsetting lines
515,2018-02-23,Girona,QGIS_3.0.0,Processing,New algorithm for single sided buffers
516,2018-02-23,Girona,QGIS_3.0.0,Processing,Add choice of simplification method to simplify
517,2018-02-23,Girona,QGIS_3.0.0,Processing,support for output geometry types in models
518,2018-02-23,Girona,QGIS_3.0.0,Processing,Angle threshold for smooth algorithm
519,2018-02-23,Girona,QGIS_3.0.0,Processing,Better support for Z/M dimensions and curved geometries
520,2018-02-23,Girona,QGIS_3.0.0,Processing,Raster analysis algorithms added to Processing
521,2018-02-23,Girona,QGIS_3.0.0,Processing,New algorithm to extract specific nodes
522,2018-02-23,Girona,QGIS_3.0.0,Processing,expose zonal statistics from Zonal statistics plugin in toolbox
523,2018-02-23,Girona,QGIS_3.0.0,Processing,add a spatialite execute SQL algorithm
524,2018-02-23,Girona,QGIS_3.0.0,Processing,New algorithm to extend lines
525,2018-02-23,Girona,QGIS_3.0.0,Processing,New extract by expression algorithm
526,2018-02-23,Girona,QGIS_3.0.0,Processing,add import into spatialite algorithm
527,2018-02-23,Girona,QGIS_3.0.0,Processing,Interpolation algorithms
528,2018-02-23,Girona,QGIS_3.0.0,Processing,New algorithm to compute geometry by expression
529,2018-02-23,Girona,QGIS_3.0.0,Processing,Snap geometries to layer algorithm
530,2018-02-23,Girona,QGIS_3.0.0,Processing,New input type for expressions
531,2018-02-23,Girona,QGIS_3.0.0,Processing,SplitWithLines
532,2018-02-23,Girona,QGIS_3.0.0,Processing,pole of inaccessibility algorithm
533,2018-02-23,Girona,QGIS_3.0.0,Processing,Extract by attribute can extract for null/notnull values
534,2018-02-23,Girona,QGIS_3.0.0,Processing,Create attribute index algorithm
535,2018-02-23,Girona,QGIS_3.0.0,Processing,New &#39;drop geometries&#39; algorithm
536,2018-02-23,Girona,QGIS_3.0.0,Processing,New universal &#39;basic stats for field&#39; algorithm
537,2018-02-23,Girona,QGIS_3.0.0,Processing,Port heatmap plugin to processing algorithm
538,2018-02-23,Girona,QGIS_3.0.0,Processing,New algorithm to orthagonalize geometries
539,2018-02-23,Girona,QGIS_3.0.0,Processing,Network analysis algorithms
540,2018-02-23,Girona,QGIS_3.0.0,Processing,Export processing models as PDF/SVG
541,2018-02-23,Girona,QGIS_3.0.0,Processing,New algorithm to truncate tables
542,2018-02-23,Girona,QGIS_3.0.0,Processing,added ‘invalid feature handling’ option
543,2018-02-23,Girona,QGIS_3.0.0,Processing,algorithm to fix invalid geometries using native makeValid() implementation
544,2018-02-23,Girona,QGIS_3.0.0,Processing,add search to Get Scripts and Models dialog
545,2018-02-23,Girona,QGIS_3.0.0,Processing,Generic centroid algorithm
546,2018-02-23,Girona,QGIS_3.0.0,Processing,improved Extract nodes algorithm
547,2018-02-23,Girona,QGIS_3.0.0,Processing,New algorithm for translating (moving) points
548,2018-02-23,Girona,QGIS_3.0.0,Processing,Improved processing modeler window
549,2018-02-23,Girona,QGIS_3.0.0,Processing,New raster unique values report algorithm
550,2018-02-23,Girona,QGIS_3.0.0,Processing,remove TauDEM provider from core Processing
551,2018-02-23,Girona,QGIS_3.0.0,Processing,Download a file from Processing
552,2018-02-23,Girona,QGIS_3.0.0,Processing,Optimised points along geometry algorithm
553,2018-02-23,Girona,QGIS_3.0.0,Processing,Sort by expression algorithm
554,2018-02-23,Girona,QGIS_3.0.0,Application and Project Options,New zipped project file format .qgz 
555,2018-02-23,Girona,QGIS_3.0.0,Application and Project Options,Add support for user profiles
556,2018-02-23,Girona,QGIS_3.0.0,Browser,Drag&#39;n&#39;drop layers from layer tree view to browser dock
557,2018-02-23,Girona,QGIS_3.0.0,Browser,Standalone QGIS Browser application removed
558,2018-02-23,Girona,QGIS_3.0.0,General,Remove zonal stats plugin
559,2018-02-23,Girona,QGIS_3.0.0,General,Remove dxf2shp converter plugin
560,2018-02-23,Girona,QGIS_3.0.0,General,Remove orphaned oracle raster plugin
561,2018-02-23,Girona,QGIS_3.0.0,General,remove TauDEM provider from core Processing
562,2018-02-23,Girona,QGIS_3.0.0,General,More help and possibility to configure location of the QGIS help files
563,2018-02-23,Girona,QGIS_3.0.0,General,Migrate Photo;WebView and FileName widgets to Attachment
564,2018-02-23,Girona,QGIS_3.0.0,General,Removed otb and lidartools providers from processing
565,2018-02-23,Girona,QGIS_3.0.0,Data Providers,New unified &#39;add layer&#39; dialog
566,2018-02-23,Girona,QGIS_3.0.0,Data Providers,GeoPackage
567,2018-02-23,Girona,QGIS_3.0.0,Data Providers,Support all GDAL writable raster formats for &#39;Save as&#39; dialog on raster layers
568,2018-02-23,Girona,QGIS_3.0.0,Data Providers,Support for Z/M geometries in gpkg;spatialite and memory layer provider
569,2018-02-23,Girona,QGIS_3.0.0,Data Providers,Unique and not-null constraint handling
570,2018-02-23,Girona,QGIS_3.0.0,Data Providers,GeoNode integration
571,2018-02-23,Girona,QGIS_3.0.0,Data Providers,Detect literal default values for spatialite provider
572,2018-02-23,Girona,QGIS_3.0.0,Data Providers,Create attribute index support for spatialite provider
573,2018-02-23,Girona,QGIS_3.0.0,Data Providers,Add support for arrays
574,2018-02-23,Girona,QGIS_3.0.0,Data Providers,Support for HStore in PostGIS data provider
575,2018-02-23,Girona,QGIS_3.0.0,Data Providers,Add auto-discovery of relations for PostgresQL
576,2018-02-23,Girona,QGIS_3.0.0,Data Providers,Data dependencies between layers
577,2018-02-23,Girona,QGIS_3.0.0,Data Providers,dxf export;support reprojection
578,2018-02-23,Girona,QGIS_3.0.0,Data Providers,Load/save style in database for GPKG and Spatialite
579,2018-02-23,Girona,QGIS_3.0.0,Data Providers,Improved handling of defaults
580,2018-02-23,Girona,QGIS_3.0.0,QGIS Server,QGIS Server overhaul
581,2018-02-23,Girona,QGIS_3.0.0,QGIS Server,Possibility to segmentize feature info geometry in server
582,2018-02-23,Girona,QGIS_3.0.0,Plugins,Remove trusted status from Plugin Manager
583,2018-02-23,Girona,QGIS_3.0.0,Plugins,Offline editing;Add flag to only copy selected features
584,2018-02-23,Girona,QGIS_3.0.0,Plugins,GDALTools moved to Processing
585,2018-02-23,Girona,QGIS_3.0.0,Plugins,allow installing plugins from local ZIP packages
586,2018-02-23,Girona,QGIS_3.0.0,Plugins,Plugins can provide a custom help in Expression window
587,2018-02-23,Girona,QGIS_3.0.0,Programmability,Geometry class updates
588,2018-02-23,Girona,QGIS_3.0.0,Programmability,Task manager
589,2018-02-23,Girona,QGIS_3.0.0,Programmability,API to allow drag&#39;n&#39;drop of custom browser items
590,2018-02-23,Girona,QGIS_3.0.0,3D Features,3D map view and terrain generation
591,2018-02-23,Girona,QGIS_3.0.0,3D Features,3D renderers for map layers
592,2018-06-22,Bonn,QGIS_3.2.0,Map Tools,Simplify map tool can now also smooth features 
593,2018-06-22,Bonn,QGIS_3.2.0,Map Tools,Identify Tool with extra options
594,2018-06-22,Bonn,QGIS_3.2.0,Map Tools,Store also expanded/collapsed state of nodes in map Themes
595,2018-06-22,Bonn,QGIS_3.2.0,Map Tools,Auto &quot;Zoom to Selection&quot; mode for new map views
596,2018-06-22,Bonn,QGIS_3.2.0,Map Tools,Choice of simplification method for simplify map tool 
597,2018-06-22,Bonn,QGIS_3.2.0,Map Tools,add zoom to related feature in forms
598,2018-06-22,Bonn,QGIS_3.2.0,Map Tools,Cartesian areas/lengths/perimeters in identify results
599,2018-06-22,Bonn,QGIS_3.2.0,Expressions,New expression functions
600,2018-06-22,Bonn,QGIS_3.2.0,Expressions,More helpful expression builder
601,2018-06-22,Bonn,QGIS_3.2.0,User Interface,Layers panel;indicators for filtered map layers
602,2018-06-22,Bonn,QGIS_3.2.0,User Interface,Allow customizing prefix of locator filters
603,2018-06-22,Bonn,QGIS_3.2.0,User Interface,Opening of vector and raster stored on HTTP(S);FTP;or cloud services
604,2018-06-22,Bonn,QGIS_3.2.0,User Interface,Quick calculator in locator search bar 
605,2018-06-22,Bonn,QGIS_3.2.0,User Interface,Shortcuts for toggling panels
606,2018-06-22,Bonn,QGIS_3.2.0,User Interface,Bookmark searching in locator
607,2018-06-22,Bonn,QGIS_3.2.0,User Interface,Close and Revert Project actions
608,2018-06-22,Bonn,QGIS_3.2.0,User Interface,Unsaved changes indicator in title bar
609,2018-06-22,Bonn,QGIS_3.2.0,User Interface,Configurable map tips delay
610,2018-06-22,Bonn,QGIS_3.2.0,User Interface,Move layer or group to top of layer panel
611,2018-06-22,Bonn,QGIS_3.2.0,User Interface,Copy statistics panel content to clipboard button
612,2018-06-22,Bonn,QGIS_3.2.0,User Interface,Search Settings;Options;and Project Properties pages from locator
613,2018-06-22,Bonn,QGIS_3.2.0,User Interface,Indicators for embedded layers and groups
614,2018-06-22,Bonn,QGIS_3.2.0,Symbology,Nicer colors for new layers
615,2018-06-22,Bonn,QGIS_3.2.0,Rendering,Improved map Copyright decoration
616,2018-06-22,Bonn,QGIS_3.2.0,Rendering,Main window scale bar font size and family can be customized
617,2018-06-22,Bonn,QGIS_3.2.0,Rendering,Custom SVG path and size for the north arrow decoration
618,2018-06-22,Bonn,QGIS_3.2.0,Data Management,Refresh a materialized view
619,2018-06-22,Bonn,QGIS_3.2.0,Data Management,Z and M support for offline editing
620,2018-06-22,Bonn,QGIS_3.2.0,Data Management,Metadata for QGIS projects
621,2018-06-22,Bonn,QGIS_3.2.0,Forms and Widgets,Multi-column layout for multiselect value relation widget
622,2018-06-22,Bonn,QGIS_3.2.0,Forms and Widgets,Allow using a URL for custom attribute forms (UI file)
623,2018-06-22,Bonn,QGIS_3.2.0,Forms and Widgets,Drill-down (cascading) forms
624,2018-06-22,Bonn,QGIS_3.2.0,Layer Legend,Optional text on top of symbols for vector layers
625,2018-06-22,Bonn,QGIS_3.2.0,Layer Legend,Copy&amp;Paste Group/Layers from a QGIS project to another. 
626,2018-06-22,Bonn,QGIS_3.2.0,Map Composer,Data defined table source for attribute table items
627,2018-06-22,Bonn,QGIS_3.2.0,Map Composer,Project metadata embedded in layout exports
628,2018-06-22,Bonn,QGIS_3.2.0,Map Composer,Better formatting for scalebar text
629,2018-06-22,Bonn,QGIS_3.2.0,Processing,Improved &#39;Join by attribute table&#39; algorithm
630,2018-06-22,Bonn,QGIS_3.2.0,Processing,Load script from template
631,2018-06-22,Bonn,QGIS_3.2.0,Processing,Feature filter algorithm for processing models
632,2018-06-22,Bonn,QGIS_3.2.0,Processing,Zonal histogram
633,2018-06-22,Bonn,QGIS_3.2.0,Processing,Port Union;Difference and Intersection algorithms to C++
634,2018-06-22,Bonn,QGIS_3.2.0,Processing,&#39;Project points (cartesian)&#39; algorithm
635,2018-06-22,Bonn,QGIS_3.2.0,Processing,Dynamic parameter values for more algorithms
636,2018-06-22,Bonn,QGIS_3.2.0,Processing,Multi-ring buffer (constant distance) algorithm
637,2018-06-22,Bonn,QGIS_3.2.0,Processing,New &quot;segmentize&quot; algorithms
638,2018-06-22,Bonn,QGIS_3.2.0,Processing,Option to create points on all polygon parts
639,2018-06-22,Bonn,QGIS_3.2.0,Processing,Rotate Features algorithm
640,2018-06-22,Bonn,QGIS_3.2.0,Processing,Line sinuosity in &quot;Add Geometry Attributes&quot; 
641,2018-06-22,Bonn,QGIS_3.2.0,Processing,Import geotagged photos
642,2018-06-22,Bonn,QGIS_3.2.0,Processing,Swap x/y coordinate values algorithm
643,2018-06-22,Bonn,QGIS_3.2.0,Processing,Sort order option for &quot;Add Incremental Field&quot;
644,2018-06-22,Bonn,QGIS_3.2.0,Processing,Indicator for distance parameter units
645,2018-06-22,Bonn,QGIS_3.2.0,Processing,Algorithm log can be saved/cleared/copied
646,2018-06-22,Bonn,QGIS_3.2.0,Processing,Wedge buffer algorithm 
647,2018-06-22,Bonn,QGIS_3.2.0,Processing,Variable width buffers
648,2018-06-22,Bonn,QGIS_3.2.0,Processing,Reclassify raster algorithms
649,2018-06-22,Bonn,QGIS_3.2.0,Processing,Union algorithm with a single layer
650,2018-06-22,Bonn,QGIS_3.2.0,Application and Project Options,Mandatory layers in project
651,2018-06-22,Bonn,QGIS_3.2.0,Application and Project Options,Saving and loading projects in PostgreSQL database
652,2018-06-22,Bonn,QGIS_3.2.0,Browser,Save/Load connections for XYZ Tiles
653,2018-06-22,Bonn,QGIS_3.2.0,Browser,Project home path can be manually set
654,2018-06-22,Bonn,QGIS_3.2.0,General,New zipped project file format .qgz is now the default format 
655,2018-06-22,Bonn,QGIS_3.2.0,General,Filtering for field values in Query Builder
656,2018-06-22,Bonn,QGIS_3.2.0,General,FULL screen Map via Ctrl-Shift-Tab
657,2018-06-22,Bonn,QGIS_3.2.0,Data Providers,Support for mesh layers
658,2018-06-22,Bonn,QGIS_3.2.0,Data Providers,Automatically set default style for layers for ArcGIS Feature Server layers
659,2018-06-22,Bonn,QGIS_3.2.0,Data Providers,Faster Oracle queries
660,2018-06-22,Bonn,QGIS_3.2.0,Data Providers,Restrict table list for a Oracle database connection to a preset schema
661,2018-06-22,Bonn,QGIS_3.2.0,Data Providers,Read only support for curved Oracle geometries 
662,2018-06-22,Bonn,QGIS_3.2.0,Plugins,Adding query history in DB Manager
663,2018-06-22,Bonn,QGIS_3.2.0,Plugins,DB Manager SQL execution in background
664,2018-06-22,Bonn,QGIS_3.2.0,3D Features,3D Polygons;Optionally generate back faces 
665,2018-10-26,Madeira,QGIS_3.4-LTR,Expressions,New expression functions and variables
666,2018-10-26,Madeira,QGIS_3.4-LTR,Expressions,Code completion for expression builder
667,2018-10-26,Madeira,QGIS_3.4-LTR,Map Tools,Identify or select features based on existing polygon
668,2018-10-26,Madeira,QGIS_3.4-LTR,User Interface,Auto selection of exported files in file manager
669,2018-10-26,Madeira,QGIS_3.4-LTR,User Interface,New &quot-Open Directory&quot- option for disabled welcome page projects
670,2018-10-26,Madeira,QGIS_3.4-LTR,User Interface,UX Improvements for Temporary Scratch Layers
671,2018-10-26,Madeira,QGIS_3.4-LTR,User Interface,Task manager improvements 
672,2018-10-26,Madeira,QGIS_3.4-LTR,User Interface,Hyperlinks to local vector &amp- raster datasets in the information panel
673,2018-10-26,Madeira,QGIS_3.4-LTR,User Interface,Style manager improvements
674,2018-10-26,Madeira,QGIS_3.4-LTR,User Interface,Polished browser panel interface and experience
675,2018-10-26,Madeira,QGIS_3.4-LTR,User Interface,QML chart and drawings widget
676,2018-10-26,Madeira,QGIS_3.4-LTR,Symbology,Mesh layer styling
677,2018-10-26,Madeira,QGIS_3.4-LTR,Symbology,Classify symmetric in graduated renderer
678,2018-10-26,Madeira,QGIS_3.4-LTR,Symbology,Partial QML export and import
679,2018-10-26,Madeira,QGIS_3.4-LTR,Digitising,GPS tracking improvements
680,2018-10-26,Madeira,QGIS_3.4-LTR,Digitising,More angle choices in advanced digitizing dock
681,2018-10-26,Madeira,QGIS_3.4-LTR,Digitising,Vertex tool can work on the current layer only
682,2018-10-26,Madeira,QGIS_3.4-LTR,Digitising,Add reverse line maptools
683,2018-10-26,Madeira,QGIS_3.4-LTR,Digitising,Geometry Precision
684,2018-10-26,Madeira,QGIS_3.4-LTR,Digitising,Automatically remove duplicate nodes
685,2018-10-26,Madeira,QGIS_3.4-LTR,Digitising,Check for geometry validity
686,2018-10-26,Madeira,QGIS_3.4-LTR,Digitising,Topology checks while editing
687,2018-10-26,Madeira,QGIS_3.4-LTR,Data Management,Translation of QGIS projects
688,2018-10-26,Madeira,QGIS_3.4-LTR,Data Management,Switch Attribute Table dock mode on demand
689,2018-10-26,Madeira,QGIS_3.4-LTR,Data Management,New locator filter to search across all layers
690,2018-10-26,Madeira,QGIS_3.4-LTR,Data Management,Non-removable (required) layers highlighted in layer tree
691,2018-10-26,Madeira,QGIS_3.4-LTR,Data Management,Append raster layer to an existing Geopackage
692,2018-10-26,Madeira,QGIS_3.4-LTR,Forms and Widgets,Drill-down (cascading) forms in QGIS Value Relation Widgets
693,2018-10-26,Madeira,QGIS_3.4-LTR,Map Composer,3D map items
694,2018-10-26,Madeira,QGIS_3.4-LTR,Processing,New &quot-Edit in place&quot- mode
695,2018-10-26,Madeira,QGIS_3.4-LTR,Processing,Store models inside project
696,2018-10-26,Madeira,QGIS_3.4-LTR,Processing,Sample Raster Values
697,2018-10-26,Madeira,QGIS_3.4-LTR,Processing,New &#39-Raster pixels to polygons&#39- algorithm
698,2018-10-26,Madeira,QGIS_3.4-LTR,Processing,K Means clustering algorithm 
699,2018-10-26,Madeira,QGIS_3.4-LTR,Processing,dbscan spatial clustering algorithm 
700,2018-10-26,Madeira,QGIS_3.4-LTR,Processing,Improved algorithms
701,2018-10-26,Madeira,QGIS_3.4-LTR,Processing,Filter Vertices by M and Filter Vertices by Z algorithms
702,2018-10-26,Madeira,QGIS_3.4-LTR,Processing,&quot-Array of Translated Features&quot- algorithm
703,2018-10-26,Madeira,QGIS_3.4-LTR,Processing,&quot-Array of offset (parallel) lines&quot- algorithm 
704,2018-10-26,Madeira,QGIS_3.4-LTR,Processing,Choice of units for non degree/unknown distances 
705,2018-10-26,Madeira,QGIS_3.4-LTR,Processing,&quot-Drape features to z/m&quot- algorithms 
706,2018-10-26,Madeira,QGIS_3.4-LTR,Processing,&quot-Raster pixels to points&quot- algorithm 
707,2018-10-26,Madeira,QGIS_3.4-LTR,Processing,Line substring algorithm 
708,2018-10-26,Madeira,QGIS_3.4-LTR,Processing,&quot-Interpolate point on line&quot- algorithm 
709,2018-10-26,Madeira,QGIS_3.4-LTR,Processing,k-neighbour concave hull
710,2018-10-26,Madeira,QGIS_3.4-LTR,Processing,Python scripts which implement algorithms now execute the algorithm on drag and drop and browser double click
711,2018-10-26,Madeira,QGIS_3.4-LTR,Processing,New GDAL&#39-s rearrange band algorithm
712,2018-10-26,Madeira,QGIS_3.4-LTR,Processing,&quot-Precalculated&quot- values for model algorithm parameters
713,2018-10-26,Madeira,QGIS_3.4-LTR,Processing,&quot-Categorize a layer using a style XML file&quot- algorithm
714,2018-10-26,Madeira,QGIS_3.4-LTR,Processing,New mode for Snap geometries algorithm
715,2018-10-26,Madeira,QGIS_3.4-LTR,General,Flatpak
716,2018-10-26,Madeira,QGIS_3.4-LTR,General,SVG files can be embedded in projects and symbols
717,2018-10-26,Madeira,QGIS_3.4-LTR,General,OpenCL based acceleration
718,2018-10-26,Madeira,QGIS_3.4-LTR,Data Providers,OAuth2 authentication method plugin
719,2018-10-26,Madeira,QGIS_3.4-LTR,Data Providers,Mesh layer: New mesh layer format support
720,2018-10-26,Madeira,QGIS_3.4-LTR,Data Providers,Mesh layer: add function to identify value on mesh layers
721,2018-10-26,Madeira,QGIS_3.4-LTR,Data Providers,Mesh layer: allow to choose different vector and scalar dataset
722,2018-10-26,Madeira,QGIS_3.4-LTR,Data Providers,Mesh layer: allow render vectors/arrows on the user-defined grid
723,2018-10-26,Madeira,QGIS_3.4-LTR,Data Providers,JSON/JSONB Type support
724,2018-10-26,Madeira,QGIS_3.4-LTR,Data Providers,ESRI Token Authentication support
725,2018-10-26,Madeira,QGIS_3.4-LTR,Data Providers,SQL Server - Invalid geometry handling
726,2018-10-26,Madeira,QGIS_3.4-LTR,QGIS Server,Server Cache can be manage by plugins 
727,2018-10-26,Madeira,QGIS_3.4-LTR,QGIS Server,WMTS 1.0.0 support
728,2018-10-26,Madeira,QGIS_3.4-LTR,QGIS Server,Add ability to define min. scale for WMTS
729,2018-10-26,Madeira,QGIS_3.4-LTR,QGIS Server,Support QGIS Server logs to stderr 
730,2018-10-26,Madeira,QGIS_3.4-LTR,Plugins,Support for encrypted zips in the Plugin Manager
731,2018-10-26,Madeira,QGIS_3.4-LTR,Plugins,Offline Editing GeoPackage
732,2018-10-26,Madeira,QGIS_3.4-LTR,Programmability,QgsSpatialIndexKDBush
733,2018-10-26,Madeira,QGIS_3.4-LTR,Programmability,QgsRasterDataProvider::sample method for efficient sampling of rasters at a given point
734,2018-10-26,Madeira,QGIS_3.4-LTR,Programmability,New geometry API call to return a curve substring 
735,2018-10-26,Madeira,QGIS_3.4-LTR,Programmability,sip Module API Changes
736,2018-10-26,Madeira,QGIS_3.4-LTR,Programmability,Python vector data providers
737,2018-10-26,Madeira,QGIS_3.4-LTR,3D Features,Improved navigation
738,2018-10-26,Madeira,QGIS_3.4-LTR,3D Features,Animation
739,2018-10-26,Madeira,QGIS_3.4-LTR,3D Features,Simple rendering of 3D linestrings 
740,2018-10-26,Madeira,QGIS_3.4-LTR,3D Features,Identification map tool for 3D views
741,2018-10-26,Madeira,QGIS_3.4-LTR,3D Features,Experimental Python API
742,2019-02-22,Noosa,QGIS_3.6.0,Map Tools,Title label decoration
743,2019-02-22,Noosa,QGIS_3.6.0,Map Tools,Top/bottom centering placement for decoration items 
744,2019-02-22,Noosa,QGIS_3.6.0,Map Tools,Vertex tool fixes and improvements
745,2019-02-22,Noosa,QGIS_3.6.0,Map Tools,Trim/Extend
746,2019-02-22,Noosa,QGIS_3.6.0,Map Tools,Rectangle from 3 points (projected)
747,2019-02-22,Noosa,QGIS_3.6.0,Map Tools,Identify tool for mesh layers
748,2019-02-22,Noosa,QGIS_3.6.0,Expressions,New Expression Functions
749,2019-02-22,Noosa,QGIS_3.6.0,Expressions,Square brackets to easily access map array elements
750,2019-02-22,Noosa,QGIS_3.6.0,Expressions,New map expression variables
751,2019-02-22,Noosa,QGIS_3.6.0,Expressions,New try() function to catch errors
752,2019-02-22,Noosa,QGIS_3.6.0,User Interface,A new grayscale theme: &quot-Blend of Gray&quot-
753,2019-02-22,Noosa,QGIS_3.6.0,User Interface,Multiline selections and editing in code/expression editors
754,2019-02-22,Noosa,QGIS_3.6.0,Symbology,Better handling of .XML style libraries
755,2019-02-22,Noosa,QGIS_3.6.0,Symbology,Optionally force right-hand-rule during polygon symbol rendering
756,2019-02-22,Noosa,QGIS_3.6.0,Symbology,Option for simple lines and marker lines to only render exterior ring or interior rings
757,2019-02-22,Noosa,QGIS_3.6.0,Symbology,Raster image marker
758,2019-02-22,Noosa,QGIS_3.6.0,Symbology,Raster fill can have images set to remote URLs or embedded images
759,2019-02-22,Noosa,QGIS_3.6.0,Symbology,Use represention values for classified renderers
760,2019-02-22,Noosa,QGIS_3.6.0,Symbology,Option to merge categories in categorized renderer 
761,2019-02-22,Noosa,QGIS_3.6.0,Symbology,Show Project Colors in color bound data defined buttons 
762,2019-02-22,Noosa,QGIS_3.6.0,Symbology,Style manager dialog improvements
763,2019-02-22,Noosa,QGIS_3.6.0,Symbology,SLD export for raster styles
764,2019-02-22,Noosa,QGIS_3.6.0,Digitising,Georeferencer enhancements
765,2019-02-22,Noosa,QGIS_3.6.0,Digitising,New option to avoid minimizing georeferencer when adding points 
766,2019-02-22,Noosa,QGIS_3.6.0,Data Management,Comment option in db manager
767,2019-02-22,Noosa,QGIS_3.6.0,Forms and Widgets,New form widget for binary (blob) fields
768,2019-02-22,Noosa,QGIS_3.6.0,Map Composer,Grid frame improvements
769,2019-02-22,Noosa,QGIS_3.6.0,Map Composer,Improved handling of text and label export
770,2019-02-22,Noosa,QGIS_3.6.0,Map Composer,Map labeling improvements
771,2019-02-22,Noosa,QGIS_3.6.0,Map Composer,Rework of map item extent/scale shortcuts
772,2019-02-22,Noosa,QGIS_3.6.0,Map Composer,Layout items can &quot-block&quot- map labels
773,2019-02-22,Noosa,QGIS_3.6.0,Map Composer,Warnings on exports
774,2019-02-22,Noosa,QGIS_3.6.0,Map Composer,Control over stacking position of map overview extents
775,2019-02-22,Noosa,QGIS_3.6.0,Map Composer,New expression variables for legend items 
776,2019-02-22,Noosa,QGIS_3.6.0,Map Composer,Expressions inside legend item text
777,2019-02-22,Noosa,QGIS_3.6.0,Analysis Tools,Hardware acceleration for raster calculator
778,2019-02-22,Noosa,QGIS_3.6.0,Analysis Tools,Mesh calculator
779,2019-02-22,Noosa,QGIS_3.6.0,Processing,New algorithm &quot-Remove duplicates by attribute&quot-
780,2019-02-22,Noosa,QGIS_3.6.0,Processing,Explode HStore algorithm
781,2019-02-22,Noosa,QGIS_3.6.0,Processing,Force right-hand-rule
782,2019-02-22,Noosa,QGIS_3.6.0,Processing,Extract Binary Field algorithm
783,2019-02-22,Noosa,QGIS_3.6.0,Processing,Split Lines by Maximum Length algorithm 
784,2019-02-22,Noosa,QGIS_3.6.0,Processing,New parameter type for authentication config
785,2019-02-22,Noosa,QGIS_3.6.0,Processing,resampling and format options in the gdaladdo algorithm
786,2019-02-22,Noosa,QGIS_3.6.0,Processing,Raster zonal stats algorithm
787,2019-02-22,Noosa,QGIS_3.6.0,Processing,Extract Z values and Extract M values algorithms
788,2019-02-22,Noosa,QGIS_3.6.0,Processing,Geodesic line split at antimeridian algorithm
789,2019-02-22,Noosa,QGIS_3.6.0,Processing,Geodesic mode for &quot-Join by Lines (Hub lines)&quot- algorithm
790,2019-02-22,Noosa,QGIS_3.6.0,Processing,Raster Surface Volume algorithm
791,2019-02-22,Noosa,QGIS_3.6.0,Processing,Resurrected model to Python script functionality
792,2019-02-22,Noosa,QGIS_3.6.0,Application and Project Options,Delete settings from the Advanced tab in options
793,2019-02-22,Noosa,QGIS_3.6.0,Browser,Add &quot-export to file&quot- options for raster and vector layers within the browser
794,2019-02-22,Noosa,QGIS_3.6.0,Browser,Native file/folder properties
795,2019-02-22,Noosa,QGIS_3.6.0,Browser,Preview layers and attributes
796,2019-02-22,Noosa,QGIS_3.6.0,Browser,Explore QGS/QGZ project files in the browser
797,2019-02-22,Noosa,QGIS_3.6.0,Browser,Directly Create Geopackage and Shapefiles
798,2019-02-22,Noosa,QGIS_3.6.0,Browser,Open Terminal at Path
799,2019-02-22,Noosa,QGIS_3.6.0,General,Improved &quot-missing layer&quot- handling on project load
800,2019-02-22,Noosa,QGIS_3.6.0,General,Optional setting for disabling version checks
801,2019-02-22,Noosa,QGIS_3.6.0,General,Add a toggle action to vector layer legend items
802,2019-02-22,Noosa,QGIS_3.6.0,Data Providers,Open service info for ArcGIS Feature Server layers
803,2019-02-22,Noosa,QGIS_3.6.0,Data Providers,Binary blob support for OGR providers
804,2019-02-22,Noosa,QGIS_3.6.0,Data Providers,ArcGIS Feature Server picture marker and picture fill support
805,2019-02-22,Noosa,QGIS_3.6.0,Data Providers,ArcGIS Feature Server labeling support
806,2019-02-22,Noosa,QGIS_3.6.0,Data Providers,Boolean and binary field support for memory layers
807,2019-02-22,Noosa,QGIS_3.6.0,Data Providers,JSON Support for GeoPackage
808,2019-02-22,Noosa,QGIS_3.6.0,Data Providers,Postgres provider: save primary key selection
809,2019-02-22,Noosa,QGIS_3.6.0,Data Providers,ArcGIS Feature Server multi-field unique value support
810,2019-02-22,Noosa,QGIS_3.6.0,QGIS Server,Possibility to set ATLAS_PK in GetPrint request to print atlas sheet(s)
811,2019-02-22,Noosa,QGIS_3.6.0,QGIS Server,WMTS tile matrices configuration 
812,2019-02-22,Noosa,QGIS_3.6.0,QGIS Server,Add JSON format for WMS GetFeatureInfo request
813,2019-02-22,Noosa,QGIS_3.6.0,Plugins,DB Manager: Adds buttons to load and save an external SQL file
814,2019-02-22,Noosa,QGIS_3.6.0,Programmability,New class QgsExifTools 
815,2019-02-22,Noosa,QGIS_3.6.0,Programmability,Iterate over parts of a QgsGeometry
816,2019-02-22,Noosa,QGIS_3.6.0,Programmability,Improved QgsLineString PyQGIS API
817,2019-02-22,Noosa,QGIS_3.6.0,Programmability,PyQGIS Geometry Collection API improvements
818,2019-02-22,Noosa,QGIS_3.6.0,Programmability,Easier Processing algorithm creation via @alg decorator
819,2019-02-22,Noosa,QGIS_3.6.0,Programmability,Blocking (non-async) network requests 
820,2019-02-22,Noosa,QGIS_3.6.0,Programmability,Custom validity checks on layout exports
821,2019-02-22,Noosa,QGIS_3.6.0,Programmability,API for calculating Geodesic lines
822,2019-02-22,Noosa,QGIS_3.6.0,Programmability,New class QgsQuadrilateral
823,2019-02-22,Noosa,QGIS_3.6.0,Notable Fixes,Bug fixes by Alessandro Pasotti
824,2019-02-22,Noosa,QGIS_3.6.0,Notable Fixes,Bug fixes by Alexander Bruy
825,2019-02-22,Noosa,QGIS_3.6.0,Notable Fixes,Bug fixes by Jürgen Fischer
826,2019-02-22,Noosa,QGIS_3.6.0,Notable Fixes,Bug fixes by Peter Petrik
827,2019-02-22,Noosa,QGIS_3.6.0,Notable Fixes,Bug fixes by Julien Cabieces
828,2019-02-22,Noosa,QGIS_3.6.0,Notable Fixes,Bug fixes by Loïc Bartoletti
829,2019-02-22,Noosa,QGIS_3.6.0,Notable Fixes,Bug fixes by Victor Olaya
830,2019-02-22,Noosa,QGIS_3.6.0,Notable Fixes,Bug fixes by Even Rouault
831,2019-02-22,Noosa,QGIS_3.6.0,Notable Fixes,Bug fixes by Martin Dobias
832,2019-02-22,Noosa,QGIS_3.6.0,Notable Fixes,Bug fixes by Nyall Dawson
833,2019-02-22,Noosa,QGIS_3.6.0,Notable Fixes,Bug fixes by Hugo Mercier
834,2019-02-22,Noosa,QGIS_3.6.0,3D Features,Terrain shading
835,2019-02-22,Noosa,QGIS_3.6.0,3D Features,Configuration of lights in 3D map scenes
836,2019-02-22,Noosa,QGIS_3.6.0,3D Features,Rule-based 3D renderer 
837,2019-02-22,Noosa,QGIS_3.6.0,3D Features,Support for mesh layer (faces) in 3D
838,2019-06-21,Zanzibar,QGIS_3.8.0,Expressions,Add order by support to expression aggregate and concatenation functions
839,2019-06-21,Zanzibar,QGIS_3.8.0,Expressions,Simplified variant of &quot;attribute&quot; function
840,2019-06-21,Zanzibar,QGIS_3.8.0,Expressions,Retrieve vertices from the end of geometeries
841,2019-06-21,Zanzibar,QGIS_3.8.0,Expressions,New Expression functions which return file info
842,2019-06-21,Zanzibar,QGIS_3.8.0,Expressions,New aggregation method: concatenate_unique
843,2019-06-21,Zanzibar,QGIS_3.8.0,Map Tools,Force Cartesian Measurements when Measuring Distances/Areas
844,2019-06-21,Zanzibar,QGIS_3.8.0,User Interface,Save to Template Button
845,2019-06-21,Zanzibar,QGIS_3.8.0,User Interface,Improved &quot;Zoom to Native Resolution&quot; behavior
846,2019-06-21,Zanzibar,QGIS_3.8.0,User Interface,Drag and Drop Layers to Map Layer widgets
847,2019-06-21,Zanzibar,QGIS_3.8.0,Symbology,Allow strings for font markers
848,2019-06-21,Zanzibar,QGIS_3.8.0,Symbology,Point Displacement label distance factor 
849,2019-06-21,Zanzibar,QGIS_3.8.0,Symbology,Hash Line symbol type
850,2019-06-21,Zanzibar,QGIS_3.8.0,Symbology,Average line angles for marker and hashed line symbology
851,2019-06-21,Zanzibar,QGIS_3.8.0,Symbology,Offset settings for point pattern fill symbol layers
852,2019-06-21,Zanzibar,QGIS_3.8.0,Symbology,Much Improved UI for Character Marker symbol layers
853,2019-06-21,Zanzibar,QGIS_3.8.0,Symbology,Live Effects Blur Radius is now hi-dpi friendly
854,2019-06-21,Zanzibar,QGIS_3.8.0,Labelling,Geometry generators for labeling
855,2019-06-21,Zanzibar,QGIS_3.8.0,Labelling,Label Map Tools now use click-click behavior
856,2019-06-21,Zanzibar,QGIS_3.8.0,Digitising,Floating widget for advanced input next to cursor
857,2019-06-21,Zanzibar,QGIS_3.8.0,Digitising,Chained add vertex at the endpoint
858,2019-06-21,Zanzibar,QGIS_3.8.0,Forms and Widgets,Allow browsing feature list
859,2019-06-21,Zanzibar,QGIS_3.8.0,Map Composer,Distribute spacing between items evenly
860,2019-06-21,Zanzibar,QGIS_3.8.0,Map Composer,North Arrow Creation
861,2019-06-21,Zanzibar,QGIS_3.8.0,Processing,Add &quot;Save layer styles into GeoPackage&quot; option for Package Layers algorithm
862,2019-06-21,Zanzibar,QGIS_3.8.0,Processing,Overlap Analysis
863,2019-06-21,Zanzibar,QGIS_3.8.0,Processing,Allow rounding values in ExtentFromLayer
864,2019-06-21,Zanzibar,QGIS_3.8.0,Processing,New options to autofill batch processing dialog
865,2019-06-21,Zanzibar,QGIS_3.8.0,Processing,Generate raster XYZ tiles
866,2019-06-21,Zanzibar,QGIS_3.8.0,Processing,Integrate OTB provider to processing plugin
867,2019-06-21,Zanzibar,QGIS_3.8.0,Processing,Allow expression variables to be set for a model 
868,2019-06-21,Zanzibar,QGIS_3.8.0,Processing,Improved modeler UI
869,2019-06-21,Zanzibar,QGIS_3.8.0,Processing,Improved handling of algorithms with known issues
870,2019-06-21,Zanzibar,QGIS_3.8.0,Processing,Raster Boolean logical OR/AND algorithms 
871,2019-06-21,Zanzibar,QGIS_3.8.0,Processing,New input parameter types for Print Layouts and Print Layout Items
872,2019-06-21,Zanzibar,QGIS_3.8.0,Processing,New parameter type for Map Scales
873,2019-06-21,Zanzibar,QGIS_3.8.0,Processing,Improved &quot;point&quot; parameter handling
874,2019-06-21,Zanzibar,QGIS_3.8.0,Processing,New &quot;Print Layout Map Extent to Layer&quot; algorithm
875,2019-06-21,Zanzibar,QGIS_3.8.0,Processing,Add X/Y fields to layer
876,2019-06-21,Zanzibar,QGIS_3.8.0,Processing,&quot;Join attributes by nearest&quot; algorithm
877,2019-06-21,Zanzibar,QGIS_3.8.0,Processing,Added the algorithm r.geomorphon to the processing toolbox
878,2019-06-21,Zanzibar,QGIS_3.8.0,Processing,Expose GDAL pansharpening tool in the Processing
879,2019-06-21,Zanzibar,QGIS_3.8.0,Browser,Direct access to sheets from XLSX/ODS files
880,2019-06-21,Zanzibar,QGIS_3.8.0,General,Store QGIS projects inside geopackage files
881,2019-06-21,Zanzibar,QGIS_3.8.0,General,Much Improved Coordinate Transform Handling
882,2019-06-21,Zanzibar,QGIS_3.8.0,Data Providers,postgres provider: add support for generated identity columns
883,2019-06-21,Zanzibar,QGIS_3.8.0,Data Providers,String List support for compatible layers
884,2019-06-21,Zanzibar,QGIS_3.8.0,Data Providers,Much Improved ArcGIS MapServer Handling
885,2019-06-21,Zanzibar,QGIS_3.8.0,Data Providers,"SQL Server: handle v2 geometries, including curved and Z/M geometries"
886,2019-06-21,Zanzibar,QGIS_3.8.0,Data Providers,Add possbility to define one filter for several layers
887,2019-06-21,Zanzibar,QGIS_3.8.0,QGIS Server,Allow configuring size for GetLegendGraphics
888,2019-06-21,Zanzibar,QGIS_3.8.0,Plugins,Plugin dependencies optional support
889,2019-06-21,Zanzibar,QGIS_3.8.0,Programmability,Add REGEXP SQL syntax support to spatialite provider and python connections
890,2019-06-21,Zanzibar,QGIS_3.8.0,Programmability,Nearest Neighbour search in QgsSpatialIndex
891,2019-06-21,Zanzibar,QGIS_3.8.0,Notable Fixes,Support for curves in DXF export
892,2019-06-21,Zanzibar,QGIS_3.8.0,3D Features,Wide lines and polygon edge highlighting
893,2019-06-21,Zanzibar,QGIS_3.8.0,3D Features,Export all frames from QGIS 3d animations as images
894,2019-06-21,Zanzibar,QGIS_3.8.0,3D Features,Terrain generation from online source
895,2019-06-21,Zanzibar,QGIS_3.8.0,3D Features,Configuration of field of view angle of camera
